TimeStamp,Age,Gender,Country,State
2025/09/19 19:15:37,41,Male,USA,New York
2025/08/29 05:31:21,57,Male,UK,Wales
2025/09/18 19:06:02,41,Female,USA,Texas
2025/09/07 11:30:27,25,Female,India,Karnataka
2025/09/07 05:44:59,54,Male,UK,Northern Ireland
2025/09/09 04:49:10,19,Male,Canada,Alberta
2025/09/06 02:09:26,23,Other,Canada,Alberta
2025/09/19 18:41:04,55,Male,India,Delhi
2025/08/31 23:16:02,21,Other,Canada,Alberta
2025/09/02 10:20:00,23,Female,USA,California
2025/09/15 08:30:25,36,Other,Canada,Alberta
2025/08/27 01:41:35,42,Female,UK,Scotland
2025/09/11 10:41:22,25,Male,Canada,Ontario
2025/09/09 07:26:53,44,Female,India,Karnataka
2025/09/21 12:37:00,34,Male,UK,England
2025/09/01 00:02:06,49,Female,UK,England
2025/09/15 15:38:25,51,Male,UK,Wales
2025/09/21 11:52:09,29,Other,UK,Scotland
2025/09/04 15:06:08,18,Male,USA,New York
2025/08/25 16:40:48,53,Male,India,Karnataka
